<?xml version="1.0" encoding="UTF-8" standalone="yes"?>
<addon id="repository.Chameleon" name="[COLOR red]Chame[/COLOR][COLOR blue]leon20[/COLOR] [COLOR yellow]TV[/COLOR] [COLOR green] Repository [/COLOR] " version="5.1.1" provider-name="Chameleon">
	<extension point="xbmc.addon.repository" name="Chameleon repo">
		<dir>
		<info compressed="false">https://raw.githubusercontent.com/cha1m20/oper/main/addons.xml</info>
		<checksum>https://raw.githubusercontent.com/cha1m20/oper/main/addons.xml.md5</checksum>
		<datadir zip="true">https://github.com/cha1m20/oper/blob/main/zips</datadir>
		<dir>
			<info compressed="false">https://raw.githubusercontent.com/cha1m20/oper/main/addons.xml</info>
			<checksum>https://raw.githubusercontent.com/cha1m20/oper/main/addons.xml.md5</checksum>
			<datadir zip="true">https://github.com/cha1m20/oper/blob/main/zips</datadir>
		</dir>
	</extension>
	<extension point="xbmc.addon.metadata">
		<assets>
			<icon>icon.png</icon>
		</assets>
		<summary>Chameleon repo</summary>
		<description>Chameleon repo</description>
		<platform>all</platform>
	</extension>
</addon>
