<?xml version="1.0" encoding="UTF-8" standalone="yes"?>
<addon id="plugin.video.telemedia19"                                                                                                                                    
	   name="Telemedia 2.0"                                                 
	   version="4.1.0"                                                                                                                                        
	   provider-name="Pavel Durov">
  <requires>

	<import addon="script.module.requests"/>

	<import addon="script.module.pyxbmct" version="1.1.4" />
  </requires>
  <extension point="xbmc.python.pluginsource"
            library="default.py">
        <provides>video</provides>
  </extension>
  <extension point="xbmc.service" library="service.py" start="startup" />
  <extension point="xbmc.addon.metadata">
    <summary lang="he">Telegram media for kodi,\n Thanks to "Aliaksei Levin" without him none of this would have been possiable</summary>
    <description lang="he">Telegram media for kodi</description>
    <platform>all</platform>
 <language>en</language>
 <disclaimer> report any issues with</disclaimer>
  </extension>
</addon>